-- INSERT INTO games(game_category, name, platform_type)
-- values ("action", "Space invaders", PC),
--        ("drama", "AngryBirds", PC),
--        ("SF", "COD", PC),
--        ("action", "DOOM", PC);
--
-- INSERT INTO played_history(game_name, player_name)
-- values ("Space invaders", "Mihai"),
--        ("AngryBirds", "Alin"),
--        ("COD", "Laur"),
--        ("DOOM", "Cezar");
-- INSERT INTO players(age, email, game_start_time, is_locked, is_online, password, username, game_id)
-- values (1, "miahiii@yahoo.com", "00:00", false, true, "password1", "mihaimihai", 1),
--        (10, "aliiiin@yahoo.com", "1:00", false, true, "password1", "alinalin", 1),
--        (20, "georgeeee@yahoo.com", "2:00", false, true, "password1", "georgegeorge", 1),
--        (46, "aleeeex@yahoo.com", "3:00", false, true, "password1", "alexalex", 1),
--        (32, "daniellll@yahoo.com", "4:00", false, true, "password1", "danieldaniel", 1),
--        (66, "gabiii@yahoo.com", "5:00", false, true, "password1", "gabigabi", 1);
INSERT INTO roles (name)
VALUES ("ROLE_ADMIN"),
       ("ROLE_USER");

INSERT INTO teammate.players (id, age, email, game_start_time, is_locked, is_online, password, username, game_id) VALUES (1, 0, 'admin@admin.com', null, false, true, '$2a$15$VW3VlXwTx9KAqOOaUxR3seBdjXYbKVjV8C.ARICfPJ74CRKvVt6MK', 'admin', null);
INSERT INTO teammate.players (id, age, email, game_start_time, is_locked, is_online, password, username, game_id) VALUES (2, 0, 'user@user.com', null, false, true, '$2a$15$/OG6C8rXga.IrMRxLiQpwO76WPn/1SySHFixJUTV8cWTfDQuG18mu', 'user', null);
INSERT INTO teammate.players (id, age, email, game_start_time, is_locked, is_online, password, username, game_id) VALUES (3, 0, 'player1@gmail.com', null, false, true, '$2a$15$8Ie.1aia0495vP7ADBOVOuoBxyWUkOVQ7/vSmIR9RuwPNhUflfdDW', 'player1', null);
INSERT INTO teammate.players (id, age, email, game_start_time, is_locked, is_online, password, username, game_id) VALUES (4, 0, 'player2@gmail.com', null, false, true, '$2a$15$eGhOfvUd.oLmVrSqfJQT1.Yc1rLTqk4Ht2dv/rTfI3kZOu2ltnuUq', 'player2', null);
INSERT INTO teammate.players (id, age, email, game_start_time, is_locked, is_online, password, username, game_id) VALUES (5, 0, 'player3@gmail.com', null, false, true, '$2a$15$mVxtLbMV3Y8lh97kjsgn8.nZCgl2lVDyw6aHtd7pgAQpzLEtC9n06', 'player3', null);
INSERT INTO teammate.players (id, age, email, game_start_time, is_locked, is_online, password, username, game_id) VALUES (6, 0, 'player4@gmail.com', null, false, true, '$2a$15$ZSI/UbH4L6HEe/nXI.C9v.LiAJ/2MnxKzCW9GfJwd/fCqBnydzn72', 'player4', null);
INSERT INTO teammate.players (id, age, email, game_start_time, is_locked, is_online, password, username, game_id) VALUES (7, 0, 'player5@gmail.com', null, false, true, '$2a$15$KnTF7uGBtzibcuDfaFvpz.rBbWhQvNnIIre6fpVNWXluNrxlFNFGO', 'player5', null);
INSERT INTO teammate.players (id, age, email, game_start_time, is_locked, is_online, password, username, game_id) VALUES (8, 0, 'player6@gmail.com', null, false, true, '$2a$15$h5XHuFNB5Jw1R4nyoWwOmuZgpsctddzUY5WtqzUc6qwvj8er3RdFK', 'player6', null);
INSERT INTO teammate.players (id, age, email, game_start_time, is_locked, is_online, password, username, game_id) VALUES (9, 0, 'player7@gmail.com', null, false, true, '$2a$15$4ZVBvmlMAftV/rnp7HuxN.a9Bgp5Ha4LbQpAw6dQpsb1mmp.m5F3a', 'player7', null);
INSERT INTO teammate.players (id, age, email, game_start_time, is_locked, is_online, password, username, game_id) VALUES (10, 0, 'player8@gmail.com', null, false, false, '$2a$15$X9DEwlCFm.K25gk/v4zzp.t2QeJfWUVJu3kTt4.43Xtv2fN8moisu', 'player8', null);
INSERT INTO teammate.players (id, age, email, game_start_time, is_locked, is_online, password, username, game_id) VALUES (11, 0, 'player9@gmail.com', null, false, true, '$2a$15$HEG/wJsdXvJPatHlfCPQ9.018Js10z2fRrAIPZwRWSlYaliEFzQtq', 'player9', null);
INSERT INTO teammate.players (id, age, email, game_start_time, is_locked, is_online, password, username, game_id) VALUES (12, 0, 'player10@gmail.com', null, false, false, '$2a$15$LUKM5vF31SGekyiB46zHg.ngEIR19pA.uIFdS75oge9KA488F8RNe', 'player10', null);

INSERT INTO teammate.players_friends (players_id, friends_id) VALUES (1, 2);
INSERT INTO teammate.players_friends (players_id, friends_id) VALUES (1, 3);
INSERT INTO teammate.players_friends (players_id, friends_id) VALUES (1, 4);
INSERT INTO teammate.players_friends (players_id, friends_id) VALUES (1, 5);
INSERT INTO teammate.players_friends (players_id, friends_id) VALUES (1, 6);
INSERT INTO teammate.players_friends (players_id, friends_id) VALUES (1, 7);
INSERT INTO teammate.players_friends (players_id, friends_id) VALUES (1, 8);
INSERT INTO teammate.players_friends (players_id, friends_id) VALUES (1, 9);
INSERT INTO teammate.players_friends (players_id, friends_id) VALUES (1, 10);
INSERT INTO teammate.players_friends (players_id, friends_id) VALUES (2, 8);
INSERT INTO teammate.players_friends (players_id, friends_id) VALUES (2, 9);
INSERT INTO teammate.players_friends (players_id, friends_id) VALUES (2, 10);

INSERT INTO teammate.users_roles (player_id, role_id) VALUES (1, 1);
INSERT INTO teammate.users_roles (player_id, role_id) VALUES (2, 2);

INSERT INTO games (id, game_category, name, platform_type) VALUES (1886, '0', 'Homefront: The Revolution', 1);
INSERT INTO games (id, game_category, name, platform_type) VALUES (1936, '0', 'Beyond Good & Evil 2', 1);
INSERT INTO games (id, game_category, name, platform_type) VALUES (1943, '0', 'Whore of the Orient', 1);
INSERT INTO games (id, game_category, name, platform_type) VALUES (5503, '0', 'Batman: Arkham Knight', 0);
INSERT INTO games (id, game_category, name, platform_type) VALUES (7399, '9', 'Final Fantasy Type-0 HD', 0);
INSERT INTO games (id, game_category, name, platform_type) VALUES (8654, '0', 'ADR1FT', 2);
INSERT INTO games (id, game_category, name, platform_type) VALUES (9178, '0', 'Pneuma: Breath of Life', 1);
INSERT INTO games (id, game_category, name, platform_type) VALUES (9181, '0', 'Warhammer: End Times - Vermintide', 2);
INSERT INTO games (id, game_category, name, platform_type) VALUES (9272, '0', 'F1 2015', 2);
INSERT INTO games (id, game_category, name, platform_type) VALUES (10346, '1', 'Sniper Elite III: Save Churchill Part 1 - In Shadows', 1);
INSERT INTO games (id, game_category, name, platform_type) VALUES (10757, '0', 'Police 1013', 0);
INSERT INTO games (id, game_category, name, platform_type) VALUES (10876, '1', 'Sniper Elite III: Target Hitler - Hunt the Grey Wolf', 2);
INSERT INTO games (id, game_category, name, platform_type) VALUES (10881, '1', 'Sniper Elite V2 – The St Pierre', 2);
INSERT INTO games (id, game_category, name, platform_type) VALUES (10965, '0', 'Need for Speed', 2);
INSERT INTO games (id, game_category, name, platform_type) VALUES (11003, '0', 'South Park: The Fractured but Whole - Collector''s Edition', 1);
INSERT INTO games (id, game_category, name, platform_type) VALUES (11059, '0', 'Naruto Shippuden: Ultimate Ninja Storm 4', 1);
INSERT INTO games (id, game_category, name, platform_type) VALUES (11133, '0', 'Dark Souls III', 1);
INSERT INTO games (id, game_category, name, platform_type) VALUES (11160, '0', 'Trials Fusion: The Awesome Max Edition', 2);
INSERT INTO games (id, game_category, name, platform_type) VALUES (11172, '0', 'TrackMania Turbo', 0);
INSERT INTO games (id, game_category, name, platform_type) VALUES (11499, '0', 'Call of Duty: WWII - Pro Edition', 0);
INSERT INTO games (id, game_category, name, platform_type) VALUES (13166, '2', 'The Witcher 3: Wild Hunt - Blood and Wine', 0);
INSERT INTO games (id, game_category, name, platform_type) VALUES (14379, '0', 'Skara: The Blade Remains', 2);
INSERT INTO games (id, game_category, name, platform_type) VALUES (15521, '1', 'Batman: Arkham Knight - Bat-Family Skin Pack', 1);
INSERT INTO games (id, game_category, name, platform_type) VALUES (15522, '1', 'Batman: Arkham Knight - Crime Fighter Challenge Pack 1', 0);
INSERT INTO games (id, game_category, name, platform_type) VALUES (15526, '1', 'Batman: Arkham Knight - Crime Fighter Challenge Pack 2', 0);
INSERT INTO games (id, game_category, name, platform_type) VALUES (15527, '1', 'Batman: Arkham Knight - Batman Classic TV Series Batmobile Pack', 2);
INSERT INTO games (id, game_category, name, platform_type) VALUES (15528, '1', 'Batman: Arkham Knight - Crime Fighter Challenge Pack 3', 0);
INSERT INTO games (id, game_category, name, platform_type) VALUES (15708, '0', 'Red Ash: The Indelible Legend', 0);
INSERT INTO games (id, game_category, name, platform_type) VALUES (17140, '0', 'Nightmares from the Deep 3: Davy Jones', 2);
INSERT INTO games (id, game_category, name, platform_type) VALUES (17840, '0', 'Pure Hold''em', 2);
INSERT INTO games (id, game_category, name, platform_type) VALUES (18088, '0', 'Insurgency: Sandstorm', 0);
INSERT INTO games (id, game_category, name, platform_type) VALUES (19518, '0', 'Maize', 0);
INSERT INTO games (id, game_category, name, platform_type) VALUES (19533, '1', 'Fallout 4: Vault-Tec Workshop', 2);
INSERT INTO games (id, game_category, name, platform_type) VALUES (19540, '2', 'Tom Clancy''s The Division: Underground', 1);
INSERT INTO games (id, game_category, name, platform_type) VALUES (19806, '0', 'NASCAR Heat Evolution', 1);
INSERT INTO games (id, game_category, name, platform_type) VALUES (20822, '1', 'Marvel Pinball: Vengeance and Virtue', 1);
INSERT INTO games (id, game_category, name, platform_type) VALUES (21762, '3', 'Dying Light: The Following - Enhanced Edition', 1);
INSERT INTO games (id, game_category, name, platform_type) VALUES (22400, '3', 'Marvel: Ultimate Alliance Bundle', 0);
INSERT INTO games (id, game_category, name, platform_type) VALUES (22439, '3', 'The Witcher 3: Wild Hunt - Game of the Year Edition', 1);
INSERT INTO games (id, game_category, name, platform_type) VALUES (22703, '0', 'Metal Gear Survive', 0);
INSERT INTO games (id, game_category, name, platform_type) VALUES (23158, '1', 'Dark Souls III: Ashes of Ariandel', 1);
INSERT INTO games (id, game_category, name, platform_type) VALUES (23176, '7', 'Tom Clancy''s Rainbow Six Siege: Operation Skull Rain', 2);
INSERT INTO games (id, game_category, name, platform_type) VALUES (24866, '1', 'Pinball FX2: Marvel''s Women of Power', 0);
INSERT INTO games (id, game_category, name, platform_type) VALUES (25293, '1', 'Trials Fusion: Riders of the Rustlands', 0);
INSERT INTO games (id, game_category, name, platform_type) VALUES (25974, '1', 'Batman: Arkham Knight - Batman Flashpoint Skin', 0);
INSERT INTO games (id, game_category, name, platform_type) VALUES (25990, '1', 'Batman: Arkham Knight - Crime Fighter Challenge Pack 6', 2);
INSERT INTO games (id, game_category, name, platform_type) VALUES (26039, '1', 'Batman: Arkham Knight - Robin and Batmobile Skins Pack', 1);
INSERT INTO games (id, game_category, name, platform_type) VALUES (26041, '1', 'Batman: Arkham Knight - 2008 Movie Batman Skin', 2);
INSERT INTO games (id, game_category, name, platform_type) VALUES (26401, '0', 'Star Wars Battlefront II', 0);
INSERT INTO games (id, game_category, name, platform_type) VALUES (27107, '0', 'Lost Region', 0);
INSERT INTO games (id, game_category, name, platform_type) VALUES (27395, '1', 'Resident Evil 7: Biohazard - Not A Hero', 2);
INSERT INTO games (id, game_category, name, platform_type) VALUES (27781, '1', 'Pathologic 2: The Marble Nest', 1);
INSERT INTO games (id, game_category, name, platform_type) VALUES (28002, '1', 'Final Fantasy XV: Episode Gladiolus', 0);
INSERT INTO games (id, game_category, name, platform_type) VALUES (28024, '0', 'Skykeepers', 2);
INSERT INTO games (id, game_category, name, platform_type) VALUES (28079, '0', 'AeternoBlade II', 0);
INSERT INTO games (id, game_category, name, platform_type) VALUES (28247, '0', 'The Golf Club 2', 1);
INSERT INTO games (id, game_category, name, platform_type) VALUES (28251, '3', 'Batman: Arkham Knight - The Serious Edition', 2);
INSERT INTO games (id, game_category, name, platform_type) VALUES (28829, '0', 'NASCAR Heat 2', 2);
INSERT INTO games (id, game_category, name, platform_type) VALUES (30717, '0', 'Call of Duty: Black Ops III - Digital Deluxe Edition', 0);
INSERT INTO games (id, game_category, name, platform_type) VALUES (31806, '0', 'Mr. Massagy', 0);
INSERT INTO games (id, game_category, name, platform_type) VALUES (36171, '0', 'Heavy Metal Machines', 2);
INSERT INTO games (id, game_category, name, platform_type) VALUES (36551, '0', 'Rugby 18', 1);
INSERT INTO games (id, game_category, name, platform_type) VALUES (36594, '0', 'The Bloody 1''st | WWII FPS/RTS Hybrid', 2);
INSERT INTO games (id, game_category, name, platform_type) VALUES (36662, '0', 'Need For Speed: Payback', 2);
INSERT INTO games (id, game_category, name, platform_type) VALUES (36704, '2', 'Neverwinter: Tomb of Annihilation', 2);
INSERT INTO games (id, game_category, name, platform_type) VALUES (36781, '0', 'Dead Alliance', 1);
INSERT INTO games (id, game_category, name, platform_type) VALUES (36834, '1', 'Little Nightmares: The Depths', 0);
INSERT INTO games (id, game_category, name, platform_type) VALUES (36986, '0', 'Middle-earth: Shadow of War - Mithril Edition', 2);
INSERT INTO games (id, game_category, name, platform_type) VALUES (37291, '1', 'Final Fantasy XV: Episode Ignis', 0);
INSERT INTO games (id, game_category, name, platform_type) VALUES (41625, '0', 'Call of Duty: Infinite Warfare - Legacy Pro Edition', 1);
INSERT INTO games (id, game_category, name, platform_type) VALUES (42666, '0', 'Exzore: The Rising', 1);
INSERT INTO games (id, game_category, name, platform_type) VALUES (42901, '0', 'Watch Dogs 2: Gold Edition', 0);
INSERT INTO games (id, game_category, name, platform_type) VALUES (44267, '0', 'Derelict Fleet', 1);
INSERT INTO games (id, game_category, name, platform_type) VALUES (44545, '3', 'Dragon Age: Inquisition - Game of the Year Edition', 0);
INSERT INTO games (id, game_category, name, platform_type) VALUES (47071, '0', 'SoulCalibur VI: Collector''s Edition', 0);
INSERT INTO games (id, game_category, name, platform_type) VALUES (51954, '3', 'The Banner Saga Complete Pack', 0);
INSERT INTO games (id, game_category, name, platform_type) VALUES (52133, '0', 'Wolfenstein II: The New Colossus Digital Deluxe Edition', 2);
INSERT INTO games (id, game_category, name, platform_type) VALUES (52440, '3', 'Batman: Arkham Knight - Premium Edition', 0);
INSERT INTO games (id, game_category, name, platform_type) VALUES (53001, '1', 'Trials Fusion: Empire of the Sky', 2);
INSERT INTO games (id, game_category, name, platform_type) VALUES (53011, '0', 'Far Cry 5: Gold Edition', 1);
INSERT INTO games (id, game_category, name, platform_type) VALUES (53036, '0', 'For Honor - Deluxe Edition', 1);
INSERT INTO games (id, game_category, name, platform_type) VALUES (54612, '3', 'Fallout 4: Game of the Year Edition', 2);
INSERT INTO games (id, game_category, name, platform_type) VALUES (54996, '0', 'Jurassic World Evolution', 0);
INSERT INTO games (id, game_category, name, platform_type) VALUES (57034, '0', 'The Legend of Sword and Fairy 6', 2);
INSERT INTO games (id, game_category, name, platform_type) VALUES (75679, '0', 'Mafia III Collector''s Edition', 2);
INSERT INTO games (id, game_category, name, platform_type) VALUES (78917, '1', 'Call of Duty: WWII - The Resistance DLC Pack 1', 0);
INSERT INTO games (id, game_category, name, platform_type) VALUES (81117, '6', 'The Council: Episode 1 - The Mad Ones', 1);
INSERT INTO games (id, game_category, name, platform_type) VALUES (81195, '0', 'Sky Fighter Legends', 1);
INSERT INTO games (id, game_category, name, platform_type) VALUES (82120, '0', 'Rise of The Fey', 0);
INSERT INTO games (id, game_category, name, platform_type) VALUES (82327, '0', 'Bounce Rescue!', 1);
INSERT INTO games (id, game_category, name, platform_type) VALUES (82376, '11', 'Arcade Game Series: Galaga', 0);
INSERT INTO games (id, game_category, name, platform_type) VALUES (82423, '3', 'Resident Evil: Deluxe Origins Bundle', 2);
INSERT INTO games (id, game_category, name, platform_type) VALUES (82432, '0', 'Life is Strange: Before the Storm - Limited Edition', 1);
INSERT INTO games (id, game_category, name, platform_type) VALUES (83727, '0', 'Call of Duty: Black Ops 4', 2);
INSERT INTO games (id, game_category, name, platform_type) VALUES (83752, '0', 'FIFA 18: Ronaldo Edition', 2);
INSERT INTO games (id, game_category, name, platform_type) VALUES (83889, '0', 'Far Cry 5: x Mondo Edition', 2);
INSERT INTO games (id, game_category, name, platform_type) VALUES (86362, '0', 'Abo Khashem', 1);
INSERT INTO games (id, game_category, name, platform_type) VALUES (86478, '0', 'Fear the Wolves', 2);
INSERT INTO games (id, game_category, name, platform_type) VALUES (86496, '0', 'Egress', 0);
INSERT INTO games (id, game_category, name, platform_type) VALUES (89844, '0', 'Just Cause 3: Day One Edition', 1);
INSERT INTO games (id, game_category, name, platform_type) VALUES (90082, '1', 'Far Cry 5: Lost on Mars', 0);
INSERT INTO games (id, game_category, name, platform_type) VALUES (90953, '0', 'Hitman: Intro Pack', 2);
INSERT INTO games (id, game_category, name, platform_type) VALUES (95062, '9', 'Call of Duty: Modern Warfare 2 Campaign Remastered', 0);
INSERT INTO games (id, game_category, name, platform_type) VALUES (96018, '1', 'Call of Duty: WWII - The War Machine DLC Pack 2', 2);
INSERT INTO games (id, game_category, name, platform_type) VALUES (99073, '0', 'Hitman: Sniper Assassin', 2);
INSERT INTO games (id, game_category, name, platform_type) VALUES (99121, '0', 'Shadow of the Tomb Raider - Digital Deluxe Edition', 2);
INSERT INTO games (id, game_category, name, platform_type) VALUES (99229, '0', 'Shadow of the Tomb Raider: Digital Croft Edition', 1);
INSERT INTO games (id, game_category, name, platform_type) VALUES (99230, '0', 'Shadow of the Tomb Raider: Croft Steelbook Edition', 0);
INSERT INTO games (id, game_category, name, platform_type) VALUES (100553, '0', 'Assassin''s Creed IV: Black Flag - Jackdaw Edition', 0);
INSERT INTO games (id, game_category, name, platform_type) VALUES (103269, '0', 'Dead or Alive 6', 0);
INSERT INTO games (id, game_category, name, platform_type) VALUES (104784, '0', 'Naruto: Ultimate Ninja Storm Legacy', 0);
INSERT INTO games (id, game_category, name, platform_type) VALUES (105421, '2', 'Absolver: Downfall', 1);
INSERT INTO games (id, game_category, name, platform_type) VALUES (106008, '0', 'Train Sim World: Digital Deluxe Edition', 0);
INSERT INTO games (id, game_category, name, platform_type) VALUES (106079, '0', 'Dead by Daylight: Special Edition', 2);
INSERT INTO games (id, game_category, name, platform_type) VALUES (106296, '6', 'The Council: Episode 3 - Ripples', 1);
INSERT INTO games (id, game_category, name, platform_type) VALUES (107299, '1', 'Call of Duty: WWII - Shadow War', 0);
INSERT INTO games (id, game_category, name, platform_type) VALUES (110336, '1', 'Farming Simulator 17 big bud pack', 0);
INSERT INTO games (id, game_category, name, platform_type) VALUES (111047, '0', 'FIFA 19: Ultimate Edition', 2);
INSERT INTO games (id, game_category, name, platform_type) VALUES (111557, '1', 'Strange Brigade: The Thrice Damned 2 - The Sunken Kingdom', 0);
INSERT INTO games (id, game_category, name, platform_type) VALUES (112085, '2', 'Path of Exile: Betrayal', 2);
INSERT INTO games (id, game_category, name, platform_type) VALUES (112087, '1', 'Warhammer: Vermintide 2 - Back to Ubersreik', 2);
INSERT INTO games (id, game_category, name, platform_type) VALUES (112662, '0', 'Devil May Cry 5: Collector''s Edition', 0);
INSERT INTO games (id, game_category, name, platform_type) VALUES (112771, '0', 'Allison''s Diary: Rebirth', 0);
INSERT INTO games (id, game_category, name, platform_type) VALUES (112876, '0', 'Superman: World''s Finest', 0);
INSERT INTO games (id, game_category, name, platform_type) VALUES (113367, '1', 'Conan Exiles: Seekers of the Dawn', 2);
INSERT INTO games (id, game_category, name, platform_type) VALUES (114142, '1', 'SWORD ART ONLINE: FATAL BULLET - Collapse of Balance', 1);
INSERT INTO games (id, game_category, name, platform_type) VALUES (115030, '1', 'Kingdom Come: Deliverance - Band of Bastards', 2);
INSERT INTO games (id, game_category, name, platform_type) VALUES (116194, '0', '’83', 1);
INSERT INTO games (id, game_category, name, platform_type) VALUES (116644, '1', 'Werewolf Rampage Pack', 2);
INSERT INTO games (id, game_category, name, platform_type) VALUES (117405, '0', 'Star Wars Jedi: Fallen Order - Deluxe Edition', 0);
INSERT INTO games (id, game_category, name, platform_type) VALUES (117492, '1', 'Just Cause 4: Dare Devils of Destruction', 1);
INSERT INTO games (id, game_category, name, platform_type) VALUES (118499, '3', 'Minecraft Starter Collection', 1);
INSERT INTO games (id, game_category, name, platform_type) VALUES (118567, '0', 'Ace Combat 7: Skies Unknown - Deluxe Edition', 1);
INSERT INTO games (id, game_category, name, platform_type) VALUES (118721, '0', 'Jump Force: Ultimate Edition', 0);
INSERT INTO games (id, game_category, name, platform_type) VALUES (118845, '0', 'Age of Wonders: Planetfall - Deluxe Edition', 1);
INSERT INTO games (id, game_category, name, platform_type) VALUES (118879, '0', 'Pro Evolution Soccer 2019 - Legend Edition', 2);
INSERT INTO games (id, game_category, name, platform_type) VALUES (119573, '0', 'eFootball PES 2020 - Legend Edition', 2);
INSERT INTO games (id, game_category, name, platform_type) VALUES (120207, '2', 'Star Trek Online: Rise of Discovery', 2);
INSERT INTO games (id, game_category, name, platform_type) VALUES (121153, '1', 'We Happy Few: Lightbearer', 1);
INSERT INTO games (id, game_category, name, platform_type) VALUES (122038, '0', 'Lumberjack''s Dynasty', 1);
INSERT INTO games (id, game_category, name, platform_type) VALUES (122117, '0', 'Once Upon A Time In Roswell', 0);
INSERT INTO games (id, game_category, name, platform_type) VALUES (122644, '2', 'HITMAN 2 - New York', 2);
INSERT INTO games (id, game_category, name, platform_type) VALUES (122645, '2', 'HITMAN 2 - Haven Island', 2);
INSERT INTO games (id, game_category, name, platform_type) VALUES (122719, '0', 'Destiny 2: Shadowkeep - Digital Deluxe Edition', 0);
INSERT INTO games (id, game_category, name, platform_type) VALUES (127356, '0', 'Fast & Furious: Crossroads', 2);
INSERT INTO games (id, game_category, name, platform_type) VALUES (128334, '0', 'Star Wars Battlefront II: Celebration Edition', 1);
INSERT INTO games (id, game_category, name, platform_type) VALUES (129734, '0', 'Tony Stewart''s Sprint Car Racing', 1);
INSERT INTO games (id, game_category, name, platform_type) VALUES (129860, '7', 'Apex Legends: Season 1', 2);
INSERT INTO games (id, game_category, name, platform_type) VALUES (129867, '7', 'PLAYERUNKNOWN''S BATTLEGROUNDS: Season 6', 1);
INSERT INTO games (id, game_category, name, platform_type) VALUES (129868, '7', 'PLAYERUNKNOWN''S BATTLEGROUNDS: Season 5', 0);
INSERT INTO games (id, game_category, name, platform_type) VALUES (129869, '7', 'PLAYERUNKNOWN''S BATTLEGROUNDS: Season 4', 2);
INSERT INTO games (id, game_category, name, platform_type) VALUES (129870, '7', 'Fortnite: Season X', 2);
INSERT INTO games (id, game_category, name, platform_type) VALUES (129878, '7', 'Fortnite: Season 2', 2);
INSERT INTO games (id, game_category, name, platform_type) VALUES (129879, '7', 'Tom Clancy''s Rainbow Six Siege: Operation Health', 2);
INSERT INTO games (id, game_category, name, platform_type) VALUES (129880, '7', 'Fortnite: Chapter 2', 0);
INSERT INTO games (id, game_category, name, platform_type) VALUES (129912, '7', 'Fortnite: Chapter 2 - Season 2', 0);
INSERT INTO games (id, game_category, name, platform_type) VALUES (131784, '2', 'Borderlands 3: Guns, Love and Tentacles: The Marriage of Wainwright & Hammerlock', 0);
INSERT INTO games (id, game_category, name, platform_type) VALUES (131800, '4', 'Call of Duty: Warzone', 2);
INSERT INTO games (id, game_category, name, platform_type) VALUES (132952, '3', 'Raccoon City Edition', 1);
INSERT INTO games (id, game_category, name, platform_type) VALUES (133222, '0', 'Time Rift', 1);
INSERT INTO games (id, game_category, name, platform_type) VALUES (133900, '3', 'Mafia: Trilogy', 2);
INSERT INTO games (id, game_category, name, platform_type) VALUES (134100, '2', 'Borderlands 3: Bounty Of Blood - A Fistful of Redemption', 2);
INSERT INTO games (id, game_category, name, platform_type) VALUES (135138, '7', 'Fortnite: Chapter 2 - Season 3', 0);
INSERT INTO games (id, game_category, name, platform_type) VALUES (135139, '7', 'PLAYERUNKNOWN''S BATTLEGROUNDS: Season 7', 0);
INSERT INTO games (id, game_category, name, platform_type) VALUES (135506, '4', 'Discovery Tour: Ancient Egypt', 2);
INSERT INTO games (id, game_category, name, platform_type) VALUES (137638, '0', 'Sanity of Morris', 0);
INSERT INTO games (id, game_category, name, platform_type) VALUES (138342, '7', 'Fortnite: Chapter 2 - Season 4', 1);
INSERT INTO games (id, game_category, name, platform_type) VALUES (140839, '3', 'Mass Effect Legendary Edition', 0);
INSERT INTO games (id, game_category, name, platform_type) VALUES (140898, '0', 'Battlefield V: Definitive Edition', 2);
INSERT INTO games (id, game_category, name, platform_type) VALUES (141052, '1', 'Mortal Kombat X: Goro', 1);
INSERT INTO games (id, game_category, name, platform_type) VALUES (141951, '1', 'Jurassic World Evolution: Secrets of Dr. Wu', 1);
INSERT INTO games (id, game_category, name, platform_type) VALUES (145818, '1', 'Wasteland 3: The Battle of Steeltown', 2);
INSERT INTO games (id, game_category, name, platform_type) VALUES (148634, '0', 'Dinos Reborn', 2);
INSERT INTO games (id, game_category, name, platform_type) VALUES (148707, '1', 'Warhammer: Vermintide 2 - Chaos Wastes', 2);
INSERT INTO games (id, game_category, name, platform_type) VALUES (154716, '7', 'For Honor: Season 2 - Shadow and Might', 1);
INSERT INTO games (id, game_category, name, platform_type) VALUES (154718, '7', 'For Honor: Season 4 - Order & Havoc', 0);
INSERT INTO games (id, game_category, name, platform_type) VALUES (154719, '7', 'For Honor: Season 5 - Age of Wolves', 1);
INSERT INTO games (id, game_category, name, platform_type) VALUES (154720, '7', 'For Honor: Season 6 - Hero''s March', 2);
INSERT INTO games (id, game_category, name, platform_type) VALUES (154721, '7', 'For Honor: Season 7 - Storm and Fury', 2);
INSERT INTO games (id, game_category, name, platform_type) VALUES (154724, '7', 'For Honor: Season 11 - Hulda', 0);
INSERT INTO games (id, game_category, name, platform_type) VALUES (154725, '7', 'For Honor: Season 12 - Sun Da', 1);
INSERT INTO games (id, game_category, name, platform_type) VALUES (154734, '7', 'For Honor: Season 13 - Hope', 0);
INSERT INTO games (id, game_category, name, platform_type) VALUES (154736, '7', 'For Honor: Season 15 - Resistance', 2);
INSERT INTO games (id, game_category, name, platform_type) VALUES (154739, '7', 'For Honor: Season 16 - Mayhem', 1);
INSERT INTO games (id, game_category, name, platform_type) VALUES (154740, '7', 'For Honor: Season 17 - Asunder', 2);
INSERT INTO games (id, game_category, name, platform_type) VALUES (154753, '1', 'Ace Combat 7: Skies Unknown - 25th Anniversary DLC: Experimental Aircraft Series', 2);
INSERT INTO games (id, game_category, name, platform_type) VALUES (154773, '1', 'Zombie Army 4: Mission 7 - Terminal Error', 2);
INSERT INTO games (id, game_category, name, platform_type) VALUES (154774, '1', 'Zombie Army 4: Mission 8 - Abaddon Asylum', 1);
INSERT INTO games (id, game_category, name, platform_type) VALUES (161318, '1', 'Marvel vs. Capcom: Infinite - Venom', 0);
INSERT INTO games (id, game_category, name, platform_type) VALUES (163260, '1', 'Tekken 7: Zafina', 0);
INSERT INTO games (id, game_category, name, platform_type) VALUES (163263, '1', 'Tekken 7: DLC14 - Fahkumram', 2);
INSERT INTO games (id, game_category, name, platform_type) VALUES (164003, '1', 'Pinball FX3: Marvel Pinball Original Pack', 2);
INSERT INTO games (id, game_category, name, platform_type) VALUES (164006, '1', 'Pinball FX3: Marvel''s Women of Power', 2);
INSERT INTO games (id, game_category, name, platform_type) VALUES (164982, '0', 'Raven''s Hike', 2);
INSERT INTO games (id, game_category, name, platform_type) VALUES (165422, '1', 'Trials Fusion: Fault One Zero', 0);
INSERT INTO games (id, game_category, name, platform_type) VALUES (167974, '1', 'One Piece: World Seeker - Extra Episode 3: The Unfinished Map', 0);
INSERT INTO games (id, game_category, name, platform_type) VALUES (168476, '1', 'Steep: Extreme Pack', 0);
INSERT INTO games (id, game_category, name, platform_type) VALUES (173793, '0', 'Tom Clancy''s Ghost Recon: Breakpoint - Deluxe Edition', 2);
INSERT INTO games (id, game_category, name, platform_type) VALUES (180298, '4', 'Tiny Tina''s Assault on Dragon Keep: A Wonderlands One-shot Adventure', 2);
INSERT INTO games (id, game_category, name, platform_type) VALUES (204443, '0', 'Block N Load 2', 2);

INSERT INTO teammate.players_favourite_games (players_id, favourite_games_id) VALUES (1, 1886);
INSERT INTO teammate.players_favourite_games (players_id, favourite_games_id) VALUES (1, 1936);
INSERT INTO teammate.players_favourite_games (players_id, favourite_games_id) VALUES (2, 1886);
INSERT INTO teammate.players_favourite_games (players_id, favourite_games_id) VALUES (2, 1943);
INSERT INTO teammate.players_favourite_games (players_id, favourite_games_id) VALUES (3, 5503);
INSERT INTO teammate.players_favourite_games (players_id, favourite_games_id) VALUES (4, 7399);
INSERT INTO teammate.players_favourite_games (players_id, favourite_games_id) VALUES (4, 9178);
INSERT INTO teammate.players_favourite_games (players_id, favourite_games_id) VALUES (4, 9272);
INSERT INTO teammate.players_favourite_games (players_id, favourite_games_id) VALUES (5, 1886);
INSERT INTO teammate.players_favourite_games (players_id, favourite_games_id) VALUES (5, 1943);
INSERT INTO teammate.players_favourite_games (players_id, favourite_games_id) VALUES (6, 5503);
INSERT INTO teammate.players_favourite_games (players_id, favourite_games_id) VALUES (7, 7399);
INSERT INTO teammate.players_favourite_games (players_id, favourite_games_id) VALUES (8, 1886);
INSERT INTO teammate.players_favourite_games (players_id, favourite_games_id) VALUES (8, 9178);
INSERT INTO teammate.players_favourite_games (players_id, favourite_games_id) VALUES (9, 7399);
